Label,Region,Network
1,schaefer_001,Vis
2,schaefer_002,Vis
3,schaefer_003,Vis
4,schaefer_004,Vis
5,schaefer_005,Vis
6,schaefer_006,Vis
7,schaefer_007,Vis
8,schaefer_008,Vis
9,schaefer_009,Vis
10,schaefer_010,Vis
11,schaefer_011,Vis
12,schaefer_012,Vis
13,schaefer_013,Vis
14,schaefer_014,Vis
15,schaefer_015,Vis
16,schaefer_016,Vis
17,schaefer_017,Vis
18,schaefer_018,Vis
19,schaefer_019,Vis
20,schaefer_020,Vis
21,schaefer_021,Vis
22,schaefer_022,Vis
23,schaefer_023,Vis
24,schaefer_024,Vis
25,schaefer_025,Vis
26,schaefer_026,Vis
27,schaefer_027,Vis
28,schaefer_028,Vis
29,schaefer_029,Vis
30,schaefer_030,Vis
31,schaefer_031,Vis
32,schaefer_032,SomMot
33,schaefer_033,SomMot
34,schaefer_034,SomMot
35,schaefer_035,SomMot
36,schaefer_036,SomMot
37,schaefer_037,SomMot
38,schaefer_038,SomMot
39,schaefer_039,SomMot
40,schaefer_040,SomMot
41,schaefer_041,SomMot
42,schaefer_042,SomMot
43,schaefer_043,SomMot
44,schaefer_044,SomMot
45,schaefer_045,SomMot
46,schaefer_046,SomMot
47,schaefer_047,SomMot
48,schaefer_048,SomMot
49,schaefer_049,SomMot
50,schaefer_050,SomMot
51,schaefer_051,SomMot
52,schaefer_052,SomMot
53,schaefer_053,SomMot
54,schaefer_054,SomMot
55,schaefer_055,SomMot
56,schaefer_056,SomMot
57,schaefer_057,SomMot
58,schaefer_058,SomMot
59,schaefer_059,SomMot
60,schaefer_060,SomMot
61,schaefer_061,SomMot
62,schaefer_062,SomMot
63,schaefer_063,SomMot
64,schaefer_064,SomMot
65,schaefer_065,SomMot
66,schaefer_066,SomMot
67,schaefer_067,SomMot
68,schaefer_068,SomMot
69,schaefer_069,DorsAttn
70,schaefer_070,DorsAttn
71,schaefer_071,DorsAttn
72,schaefer_072,DorsAttn
73,schaefer_073,DorsAttn
74,schaefer_074,DorsAttn
75,schaefer_075,DorsAttn
76,schaefer_076,DorsAttn
77,schaefer_077,DorsAttn
78,schaefer_078,DorsAttn
79,schaefer_079,DorsAttn
80,schaefer_080,DorsAttn
81,schaefer_081,DorsAttn
82,schaefer_082,DorsAttn
83,schaefer_083,DorsAttn
84,schaefer_084,DorsAttn
85,schaefer_085,DorsAttn
86,schaefer_086,DorsAttn
87,schaefer_087,DorsAttn
88,schaefer_088,DorsAttn
89,schaefer_089,DorsAttn
90,schaefer_090,DorsAttn
91,schaefer_091,DorsAttn
92,schaefer_092,SalVentAttn
93,schaefer_093,SalVentAttn
94,schaefer_094,SalVentAttn
95,schaefer_095,SalVentAttn
96,schaefer_096,SalVentAttn
97,schaefer_097,SalVentAttn
98,schaefer_098,SalVentAttn
99,schaefer_099,SalVentAttn
100,schaefer_100,SalVentAttn
101,schaefer_101,SalVentAttn
102,schaefer_102,SalVentAttn
103,schaefer_103,SalVentAttn
104,schaefer_104,SalVentAttn
105,schaefer_105,SalVentAttn
106,schaefer_106,SalVentAttn
107,schaefer_107,SalVentAttn
108,schaefer_108,SalVentAttn
109,schaefer_109,SalVentAttn
110,schaefer_110,SalVentAttn
111,schaefer_111,SalVentAttn
112,schaefer_112,SalVentAttn
113,schaefer_113,SalVentAttn
114,schaefer_114,Limbic
115,schaefer_115,Limbic
116,schaefer_116,Limbic
117,schaefer_117,Limbic
118,schaefer_118,Limbic
119,schaefer_119,Limbic
120,schaefer_120,Limbic
121,schaefer_121,Limbic
122,schaefer_122,Limbic
123,schaefer_123,Limbic
124,schaefer_124,Limbic
125,schaefer_125,Limbic
126,schaefer_126,Limbic
127,schaefer_127,Cont
128,schaefer_128,Cont
129,schaefer_129,Cont
130,schaefer_130,Cont
131,schaefer_131,Cont
132,schaefer_132,Cont
133,schaefer_133,Cont
134,schaefer_134,Cont
135,schaefer_135,Cont
136,schaefer_136,Cont
137,schaefer_137,Cont
138,schaefer_138,Cont
139,schaefer_139,Cont
140,schaefer_140,Cont
141,schaefer_141,Cont
142,schaefer_142,Cont
143,schaefer_143,Cont
144,schaefer_144,Cont
145,schaefer_145,Cont
146,schaefer_146,Cont
147,schaefer_147,Cont
148,schaefer_148,Cont
149,schaefer_149,Default
150,schaefer_150,Default
151,schaefer_151,Default
152,schaefer_152,Default
153,schaefer_153,Default
154,schaefer_154,Default
155,schaefer_155,Default
156,schaefer_156,Default
157,schaefer_157,Default
158,schaefer_158,Default
159,schaefer_159,Default
160,schaefer_160,Default
161,schaefer_161,Default
162,schaefer_162,Default
163,schaefer_163,Default
164,schaefer_164,Default
165,schaefer_165,Default
166,schaefer_166,Default
167,schaefer_167,Default
168,schaefer_168,Default
169,schaefer_169,Default
170,schaefer_170,Default
171,schaefer_171,Default
172,schaefer_172,Default
173,schaefer_173,Default
174,schaefer_174,Default
175,schaefer_175,Default
176,schaefer_176,Default
177,schaefer_177,Default
178,schaefer_178,Default
179,schaefer_179,Default
180,schaefer_180,Default
181,schaefer_181,Default
182,schaefer_182,Default
183,schaefer_183,Default
184,schaefer_184,Default
185,schaefer_185,Default
186,schaefer_186,Default
187,schaefer_187,Default
188,schaefer_188,Default
189,schaefer_189,Default
190,schaefer_190,Default
191,schaefer_191,Default
192,schaefer_192,Default
193,schaefer_193,Default
194,schaefer_194,Default
195,schaefer_195,Default
196,schaefer_196,Default
197,schaefer_197,Default
198,schaefer_198,Default
199,schaefer_199,Default
200,schaefer_200,Default
201,schaefer_201,Vis
202,schaefer_202,Vis
203,schaefer_203,Vis
204,schaefer_204,Vis
205,schaefer_205,Vis
206,schaefer_206,Vis
207,schaefer_207,Vis
208,schaefer_208,Vis
209,schaefer_209,Vis
210,schaefer_210,Vis
211,schaefer_211,Vis
212,schaefer_212,Vis
213,schaefer_213,Vis
214,schaefer_214,Vis
215,schaefer_215,Vis
216,schaefer_216,Vis
217,schaefer_217,Vis
218,schaefer_218,Vis
219,schaefer_219,Vis
220,schaefer_220,Vis
221,schaefer_221,Vis
222,schaefer_222,Vis
223,schaefer_223,Vis
224,schaefer_224,Vis
225,schaefer_225,Vis
226,schaefer_226,Vis
227,schaefer_227,Vis
228,schaefer_228,Vis
229,schaefer_229,Vis
230,schaefer_230,Vis
231,schaefer_231,SomMot
232,schaefer_232,SomMot
233,schaefer_233,SomMot
234,schaefer_234,SomMot
235,schaefer_235,SomMot
236,schaefer_236,SomMot
237,schaefer_237,SomMot
238,schaefer_238,SomMot
239,schaefer_239,SomMot
240,schaefer_240,SomMot
241,schaefer_241,SomMot
242,schaefer_242,SomMot
243,schaefer_243,SomMot
244,schaefer_244,SomMot
245,schaefer_245,SomMot
246,schaefer_246,SomMot
247,schaefer_247,SomMot
248,schaefer_248,SomMot
249,schaefer_249,SomMot
250,schaefer_250,SomMot
251,schaefer_251,SomMot
252,schaefer_252,SomMot
253,schaefer_253,SomMot
254,schaefer_254,SomMot
255,schaefer_255,SomMot
256,schaefer_256,SomMot
257,schaefer_257,SomMot
258,schaefer_258,SomMot
259,schaefer_259,SomMot
260,schaefer_260,SomMot
261,schaefer_261,SomMot
262,schaefer_262,SomMot
263,schaefer_263,SomMot
264,schaefer_264,SomMot
265,schaefer_265,SomMot
266,schaefer_266,SomMot
267,schaefer_267,SomMot
268,schaefer_268,SomMot
269,schaefer_269,SomMot
270,schaefer_270,SomMot
271,schaefer_271,DorsAttn
272,schaefer_272,DorsAttn
273,schaefer_273,DorsAttn
274,schaefer_274,DorsAttn
275,schaefer_275,DorsAttn
276,schaefer_276,DorsAttn
277,schaefer_277,DorsAttn
278,schaefer_278,DorsAttn
279,schaefer_279,DorsAttn
280,schaefer_280,DorsAttn
281,schaefer_281,DorsAttn
282,schaefer_282,DorsAttn
283,schaefer_283,DorsAttn
284,schaefer_284,DorsAttn
285,schaefer_285,DorsAttn
286,schaefer_286,DorsAttn
287,schaefer_287,DorsAttn
288,schaefer_288,DorsAttn
289,schaefer_289,DorsAttn
290,schaefer_290,DorsAttn
291,schaefer_291,DorsAttn
292,schaefer_292,DorsAttn
293,schaefer_293,DorsAttn
294,schaefer_294,SalVentAttn
295,schaefer_295,SalVentAttn
296,schaefer_296,SalVentAttn
297,schaefer_297,SalVentAttn
298,schaefer_298,SalVentAttn
299,schaefer_299,SalVentAttn
300,schaefer_300,SalVentAttn
301,schaefer_301,SalVentAttn
302,schaefer_302,SalVentAttn
303,schaefer_303,SalVentAttn
304,schaefer_304,SalVentAttn
305,schaefer_305,SalVentAttn
306,schaefer_306,SalVentAttn
307,schaefer_307,SalVentAttn
308,schaefer_308,SalVentAttn
309,schaefer_309,SalVentAttn
310,schaefer_310,SalVentAttn
311,schaefer_311,SalVentAttn
312,schaefer_312,SalVentAttn
313,schaefer_313,SalVentAttn
314,schaefer_314,SalVentAttn
315,schaefer_315,SalVentAttn
316,schaefer_316,SalVentAttn
317,schaefer_317,SalVentAttn
318,schaefer_318,SalVentAttn
319,schaefer_319,Limbic
320,schaefer_320,Limbic
321,schaefer_321,Limbic
322,schaefer_322,Limbic
323,schaefer_323,Limbic
324,schaefer_324,Limbic
325,schaefer_325,Limbic
326,schaefer_326,Limbic
327,schaefer_327,Limbic
328,schaefer_328,Limbic
329,schaefer_329,Limbic
330,schaefer_330,Limbic
331,schaefer_331,Limbic
332,schaefer_332,Cont
333,schaefer_333,Cont
334,schaefer_334,Cont
335,schaefer_335,Cont
336,schaefer_336,Cont
337,schaefer_337,Cont
338,schaefer_338,Cont
339,schaefer_339,Cont
340,schaefer_340,Cont
341,schaefer_341,Cont
342,schaefer_342,Cont
343,schaefer_343,Cont
344,schaefer_344,Cont
345,schaefer_345,Cont
346,schaefer_346,Cont
347,schaefer_347,Cont
348,schaefer_348,Cont
349,schaefer_349,Cont
350,schaefer_350,Cont
351,schaefer_351,Cont
352,schaefer_352,Cont
353,schaefer_353,Cont
354,schaefer_354,Cont
355,schaefer_355,Cont
356,schaefer_356,Cont
357,schaefer_357,Cont
358,schaefer_358,Cont
359,schaefer_359,Cont
360,schaefer_360,Cont
361,schaefer_361,Cont
362,schaefer_362,Default
363,schaefer_363,Default
364,schaefer_364,Default
365,schaefer_365,Default
366,schaefer_366,Default
367,schaefer_367,Default
368,schaefer_368,Default
369,schaefer_369,Default
370,schaefer_370,Default
371,schaefer_371,Default
372,schaefer_372,Default
373,schaefer_373,Default
374,schaefer_374,Default
375,schaefer_375,Default
376,schaefer_376,Default
377,schaefer_377,Default
378,schaefer_378,Default
379,schaefer_379,Default
380,schaefer_380,Default
381,schaefer_381,Default
382,schaefer_382,Default
383,schaefer_383,Default
384,schaefer_384,Default
385,schaefer_385,Default
386,schaefer_386,Default
387,schaefer_387,Default
388,schaefer_388,Default
389,schaefer_389,Default
390,schaefer_390,Default
391,schaefer_391,Default
392,schaefer_392,Default
393,schaefer_393,Default
394,schaefer_394,Default
395,schaefer_395,Default
396,schaefer_396,Default
397,schaefer_397,Default
398,schaefer_398,Default
399,schaefer_399,Default
400,schaefer_400,Default
